{"colsample_bytree": 0.6459999074903564, "gamma": 6.580381568312153, "max_depth": 4.0, "min_child_weight": 9.0, "n_estimators": 3400.0, "reg_alpha": 163.0, "reg_lambda": 0.5292927097505625}