{"eta": 0.20999999999999996, "max_depth": 9.0, "min_child_weight": 0.3999999999999999}