,precision,recall,f1-score,support
Slight,0.9769410716274924,0.827514625401019,0.8960408684546616,10598.0
Serious,0.05806451612903226,0.03515625,0.0437956204379562,256.0
Fatal,0.0011514104778353484,0.13333333333333333,0.0022831050228310505,15.0
accuracy,0.8078940104885454,0.8078940104885454,0.8078940104885454,0.8078940104885454
macro avg,0.34538566607812005,0.3320014029114508,0.31403986463848294,10869.0
weighted avg,0.9539519058233842,0.8078940104885454,0.8747342947180017,10869.0
