{"Accident Features": {"feature_childs": ["Easting", "Northing", "1st Road Class", "Number of Vehicles"], "feature_weights": ["0.04083331", "0.034144185", "0.03801258", "0.07210349"], "wpi": 0.18509356500000002}, "Vehicle Features": {"feature_childs": ["Type of Vehicle", "Age of Vehicle", "First Point of Impact"], "feature_weights": ["0.25601593", "0.017123189", "0.025844235"], "wpi": 0.298983354}, "Time Features": {"feature_childs": ["Accident Time Sin", "Accident Time Cos", "dia_semana", "semana_en_a\u00f1o"], "feature_weights": ["0.2786499", "0.0", "0.036306005", "0.032333676"], "wpi": 0.347289581}, "Casualty Features": {"feature_childs": ["Casualty Class", "Sex of Casualty", "Age of Casualty"], "feature_weights": ["0.03678627", "0.027641796", "0.037753355"], "wpi": 0.10218142100000001}}