{"Accident Features": {"feature_childs": ["Easting", "Northing", "1st Road Class", "Number of Vehicles"], "feature_weights": ["0.045150172", "0.055511087", "0.047322143", "0.08730543"], "wpi": 0.235288832}, "Roadway Features": {"feature_childs": ["Road Surface", "Speed Limit"], "feature_weights": ["0.038974177", "0.053325586"], "wpi": 0.092299763}, "Vehicle Features": {"feature_childs": ["Type of Vehicle", "Age of Vehicle", "First Point of Impact"], "feature_weights": ["0.28129685", "0.020906296", "0.027662005"], "wpi": 0.32986515099999997}, "Time Features": {"feature_childs": ["Accident Time Sin", "Accident Time Cos", "dia_semana", "semana_en_a\u00f1o"], "feature_weights": ["0.12977059", "0.0151311", "0.047491208", "0.050917663"], "wpi": 0.243310561}, "Casualty Features": {"feature_childs": ["Casualty Class", "Sex of Casualty", "Age of Casualty"], "feature_weights": ["0.03725927", "0.030225715", "0.031750705"], "wpi": 0.09923568999999999}}