{"Accident Features": {"feature_childs": ["Easting", "Northing", "1st Road Class", "Number of Vehicles"], "feature_weights": ["0.04490492", "0.067688584", "0.09485582", "0.119270906"], "wpi": 0.32672023}, "Roadway Features": {"feature_childs": ["Road Surface", "Speed Limit"], "feature_weights": ["0.046026967", "0.06999209"], "wpi": 0.11601905700000001}, "Environmental Features": {"feature_childs": ["Lighting Conditions", "Weather Conditions"], "feature_weights": ["0.047915775", "0.071804866"], "wpi": 0.11972064099999999}, "Vehicle Features": {"feature_childs": ["Age of Vehicle", "First Point of Impact"], "feature_weights": ["0.038102634", "0.04791362"], "wpi": 0.086016254}, "Time Features": {"feature_childs": ["Accident Time Sin", "Accident Time Cos", "dia_semana", "semana_en_a\u00f1o"], "feature_weights": ["0.048688766", "0.011932316", "0.07756522", "0.07378511"], "wpi": 0.21197141200000003}, "Casualty Features": {"feature_childs": ["Casualty Class", "Sex of Casualty", "Age of Casualty"], "feature_weights": ["0.045229204", "0.042234678", "0.052088443"], "wpi": 0.13955232499999998}}