{"Accident Features": {"feature_childs": ["Easting", "Northing", "1st Road Class", "Accident Time", "Number of Vehicles"], "feature_weights": ["0.040013313", "0.036769036", "0.07457361", "0.042056523", "0.07501465"], "wpi": 0.268427132}, "Roadway Features": {"feature_childs": ["Road Surface", "Speed Limit"], "feature_weights": ["0.061718713", "0.04196723"], "wpi": 0.103685943}, "Environmental Features": {"feature_childs": ["Lighting Conditions", "Weather Conditions", "dia_semana", "semana_en_a\u00f1o"], "feature_weights": ["0.035383753", "0.06514463", "0.042569418", "0.032677528"], "wpi": 0.17577532899999998}, "Vehicle Features": {"feature_childs": ["Type of Vehicle", "Age of Vehicle", "First Point of Impact"], "feature_weights": ["0.10382915", "0.029888699", "0.08652908"], "wpi": 0.22024692899999998}, "Casualty Features": {"feature_childs": ["Casualty Class", "Sex of Casualty", "Age of Casualty"], "feature_weights": ["0.10849152", "0.030524867", "0.09284823"], "wpi": 0.231864617}}