{"Accident Features": {"feature_childs": ["Easting", "Northing", "1st Road Class", "Accident Time", "Number of Vehicles"], "feature_weights": ["0.075304456", "0.026049443", "0.032838862", "0.052560862", "0.085273184"], "wpi": 0.272026807}, "Roadway Features": {"feature_childs": ["Road Surface", "Speed Limit"], "feature_weights": ["0.022933254", "0.1391722"], "wpi": 0.16210545399999998}, "Environmental Features": {"feature_childs": ["Lighting Conditions", "Weather Conditions", "dia_semana", "semana_en_a\u00f1o"], "feature_weights": ["0.15217263", "0.018500172", "0.017264834", "0.0682436"], "wpi": 0.25618123600000003}, "Vehicle Features": {"feature_childs": ["Type of Vehicle", "Age of Vehicle", "First Point of Impact"], "feature_weights": ["0.1287697", "0.031448442", "0.025846416"], "wpi": 0.186064558}, "Casualty Features": {"feature_childs": ["Casualty Class", "Sex of Casualty", "Age of Casualty"], "feature_weights": ["0.015547418", "0.024837364", "0.08323722"], "wpi": 0.12362200200000001}}