{"Accident Features": {"feature_childs": ["Easting", "Northing", "1st Road Class", "Accident Time", "Number of Vehicles"], "feature_weights": ["0.014741682", "0.018179066", "0.06665194", "0.057619207", "0.16624823"], "wpi": 0.32344012499999997}, "Roadway Features": {"feature_childs": ["Road Surface", "Speed Limit", "Road Type"], "feature_weights": ["0.03487985", "0.082955375", "0.049988065"], "wpi": 0.16782328999999999}, "Environmental Features": {"feature_childs": ["Lighting Conditions", "Weather Conditions"], "feature_weights": ["0.14819895", "0.048007537"], "wpi": 0.19620648699999998}, "Vehicle Features": {"feature_childs": ["Type of Vehicle"], "feature_weights": ["0.09913513"], "wpi": 0.09913513}, "Casualty Features": {"feature_childs": ["Casualty Class", "Sex of Casualty", "Age of Casualty"], "feature_weights": ["0.08379361", "0.050235823", "0.079365544"], "wpi": 0.21339497699999999}}