{"colsample_bytree": 0.7948489982577982, "gamma": 5.371891010119989, "max_depth": 3.0, "min_child_weight": 12.0, "n_estimators": 1100.0, "reg_alpha": 140.0, "reg_lambda": 0.8645791812443544}