{"colsample_bytree": 0.7836491366339869, "gamma": 3.5717175968752466, "max_depth": 4.0, "min_child_weight": 12.0, "n_estimators": 3700.0, "reg_alpha": 153.0, "reg_lambda": 0.6342644619250177}