{"colsample_bytree": 0.7813637282330446, "gamma": 1.413546000911122, "max_depth": 3.0, "min_child_weight": 0.0, "n_estimators": 1100.0, "reg_alpha": 180.0, "reg_lambda": 0.6597838100915553}