{"eta": 0.49000000000000005, "n_estimators": 24.0, "max_depth": 17.0, "min_child_weight": 10.0, "gamma": 5.529999999999999, "subsample": 0.03, "colsample_bytree": 0.35000000000000003, "reg_alpha": 152.4, "reg_lambda": 0.428}