{"eta": 0.6599999999999999, "max_depth": 3.0, "min_child_weight": 11.399999999999999}