{"eta": 0.04999999999999999, "max_depth": 1.0, "min_child_weight": 18.199999999999996}