{"eta": 0.33999999999999997, "max_depth": 1.0, "min_child_weight": 0.6999999999999984}